AMDBId;run_material;raw_path;structure_content_id;run_content_id;status
anyt.am-1-1;CrSb;2/Runs/ht.task.tetralith--default.CrSb_SCF.cleanup.0.unclaimed.3.finished;5493df104ec8ebb789cfa1f655e7828168de617c43d7c3be6d81e6c1fd44acaf;92fe00920372e07c3ac1697ff07133fa955b7a5a0978af7541e516d487df766b;auto
anyt.am-1-10;NiF2;7/Runs/ht.task.tetralith--default.NiF2_SCF.cleanup.0.unclaimed.3.finished;50a0956fead46af403b8af1d3213be7b08550b8bdae84081c42b23296292ee01;479fd443b22415a5dcbb689e79d82c30f30e96d6dd6df38c3212110c1d54cf93;auto
anyt.am-1-100;TmVO3-3;10/Runs/ht.task.tetralith--default.TmVO3-3_SCF.cleanup.0.unclaimed.3.finished;eef8c43f174b88f7883e5bc4dad6d7043cd6194fb42066eb979d356398fa2c24;6c1193618a8f2db8cd2c16b052ff041e3b08b56ad7136f0a6120c5b645086477;auto
anyt.am-1-101;Fe4O5;4/Runs/ht.task.tetralith--default.Fe4O5_SCF.cleanup.0.unclaimed.3.finished;a277fef4defbc1ed744f9873915d86494d71475b49c0b1cb0289704880846055;9d94c189c59eef6679225155a311de6287796f6075ef5bc2aa8e53b75439edd4;auto
anyt.am-1-103;LuFeO3;6/Runs/ht.task.tetralith--default.LuFeO3_SCF.cleanup.0.unclaimed.3.finished;e10c598b10b1f4baff1748203441410bf7d59237082cd0f08f0df65af64f08b2;cd04ca69e9883a54defcc113d0ceb943873ebfce6f3e69322703003c17a046d2;auto
anyt.am-1-104;Sr2YbRuO6;9/Runs/ht.task.tetralith--default.Sr2YbRuO6_SCF.cleanup.0.unclaimed.3.finished;9eb1b1cb3811d543bf4bab0c6ffb0c80b8ce76c22f7aba58565065c2661ffc9f;5c0bcb19354737631da43869a35b7a22fa8156c2281c8bce4fc055cda0b0b842;auto
anyt.am-1-105;Sr2TmRuO6;9/Runs/ht.task.tetralith--default.Sr2TmRuO6_SCF.cleanup.0.unclaimed.3.finished;7a22f8be85b814acca97e9e88f5c1516ce15f3a0220d646db315e58e5b420100;8ff9505e461586af4901f427af4626b29bbb6e6b9611b03984a8e3b3dae51e0f;auto
anyt.am-1-106;Er2Cu2O5;3/Runs/ht.task.tetralith--default.Er2Cu2O5_SCF.cleanup.0.unclaimed.3.finished;6468a20be0309cbdc24b24981ce030b590e74ef5d03ca9fb85ba876c0a5e64d4;f0ab78d94f92f1350833f6db7d3426534586055c2280210641dac3ac7361efe2;auto
anyt.am-1-107;MgCr2O4;6/Runs/ht.task.tetralith--default.MgCr2O4_SCF.cleanup.0.unclaimed.3.finished;1d00869069f65a137535646322103200f873e6d889dc003f19c20e155116f00a;2807ccccb15226424262c34457e14fe21606b25a241d4c400fd05e1eac26724c;auto
anyt.am-1-108;Y2Cu2O5;10/Runs/ht.task.tetralith--default.Y2Cu2O5_SCF.cleanup.0.unclaimed.3.finished;59dfbfb92dbd8c9d7bf66554679fa46b1e092ab022567f3c3f834dc6040f9617;81e5834dcd85e2c0f26dbeb1bdb917b42f48e9179d1d7258438e931a4dc303f1;auto
anyt.am-1-109;LaCrO3-2;5/Runs/ht.task.tetralith--default.LaCrO3-2_SCF.cleanup.0.unclaimed.3.finished;b2f94738d533252381f2dd2727c921718dcdaa4da2681e5c8685eed8bd0e76d7;b344a99cac3fd3d31a9746b9f26c271232eebe95d09ae750d0f55ceefa56a7fc;auto
anyt.am-1-110;Sr2TbRuO6;9/Runs/ht.task.tetralith--default.Sr2TbRuO6_SCF.cleanup.0.unclaimed.3.finished;e72d137eb2afc46e577af6301b8c3fc395c53eec965a6cea27b35144186c8783;4352e16dcd7da42c3d14396f522db8c88eca43289ee73925ba1fb7b683d3ad3d;auto
anyt.am-1-112;La2NiO4;5/Runs/ht.task.tetralith--default.La2NiO4_SCF.cleanup.0.unclaimed.3.finished;19419162f607b122c9b46488c85d3b7548a80dd2637a05827550097f4bd50a6e;59a0252115103023d1ef3e972902fa06ae1e10f0b2edd4d88a119e8a9fdf720f;auto
anyt.am-1-113;YVO3;10/Runs/ht.task.tetralith--default.YVO3_SCF.cleanup.0.unclaimed.3.finished;69c0cf2bea1f2dd2653a200df5aacd7987ab3b0c44cce979968d000dd19205c8;ba081b4c2cd60a097905ac67304687b0365f16c902d61032152102a6d50b9cf4;auto
anyt.am-1-114;CaNi3P4O14;2/Runs/ht.task.tetralith--default.CaNi3P4O14_SCF.cleanup.0.unclaimed.3.finished;d7aa70da515b673e70c4572c0b3f57f10058319acc7d8258442950492e0f1586;3f9d5c1abe486af9279a7112b39ff3a2c16bce6b696b0076f4ab3d931bf30a04;auto
anyt.am-1-115;Sr2NiTeO6;8/Runs/ht.task.tetralith--default.Sr2NiTeO6_SCF.cleanup.0.unclaimed.3.finished;814033835bc2f42eb600b1f0272de7c78a72317c94a152e560597edfaa31a06c;6a9fa097f879bf0f72a467caaf5dc7d6093ba608b14bc3f8cf44d612ddb0d292;auto
anyt.am-1-116;Sr2LuRuO6;8/Runs/ht.task.tetralith--default.Sr2LuRuO6_SCF.cleanup.0.unclaimed.3.finished;e6aaf498ff39459afb9c94250cfc87e4069f2857a30130849bb27a8bed9e2486;da450f1eec9647b1ce4ce5630fbb054c9a3b30543b56cf3bff85b5f7be0c0305;auto
anyt.am-1-118;Ca2Fe2O5;1/Runs/ht.task.tetralith--default.Ca2Fe2O5_SCF.cleanup.0.unclaimed.3.finished;3e080bf15ab9a151d48e37fcfd9367ffd87280e7dfcbf9083c305d8cd0edca7b;57e7d0f40bb7ba671acd8a5ad4e3694c66bfaf230ee61f5bab2e30f4605c0c60;auto
anyt.am-1-119;CrNb4S8;2/Runs/ht.task.tetralith--default.CrNb4S8_SCF.cleanup.0.unclaimed.3.finished;0b9f715030719ae9f6886fff7981306dc757bbc60bd5f2731459310c398689d7;f6c7b987c80bd85950a14e492f3c3a19dbf04d370b5b1b1add1f9b5220824f64;auto
anyt.am-1-12;LiFe2F6;6/Runs/ht.task.tetralith--default.LiFe2F6_SCF.cleanup.0.unclaimed.3.finished;861176eb8942b289a008086fb85853644a0e6ef92adfbbce4657e79e18172c4a;9edf69a526c25e0c3879651e54dfec01b66886c3aad27b9ec92849db34c1a631;auto
anyt.am-1-121;ScMnO3;8/Runs/ht.task.tetralith--default.ScMnO3_SCF.cleanup.0.unclaimed.3.finished;4a73e39344a38b5bca0ba955d87522e118fb342cc1814bbe6dd97b4570a5b14c;15baa12dc21509305d828860f9917e4eed3cb0cac78e6047548183a3d79c3a4c;auto
anyt.am-1-123;CuFeS2;3/Runs/ht.task.tetralith--default.CuFeS2_SCF.cleanup.0.unclaimed.3.finished;0b234273b9bd23646b2cdcd4feafab89e05dddd290f0664279c708f86260f682;ef45f15ca25936a413be0c20c977c2db0a73c4dd0b9f1465a54ac1ff93dbdbc4;auto
anyt.am-1-124;LuCrWO6;6/Runs/ht.task.tetralith--default.LuCrWO6_SCF.cleanup.0.unclaimed.3.finished;9cdb9d9cee88433b77a57a4e0b37380661f31f0d4c57d5389698d31e0c4d9d44;635e518fa42ad6dfe7fdf64e303e78a23be4e0d85ecbf01a8750ea687c1114d1;auto
anyt.am-1-125;Ba3NiRu2O9;1/Runs/ht.task.tetralith--default.Ba3NiRu2O9_SCF.cleanup.0.unclaimed.3.finished;0a1735603b69171f2415297f250541570611519a45ca2f9a9cea2f54ae452618;b84c86547e74f921892de7a76648e7c3c96b02ab856d1d1740a2b834e5575fd2;auto
anyt.am-1-126;RbFe2F6;8/Runs/ht.task.tetralith--default.RbFe2F6_SCF.cleanup.0.unclaimed.3.finished;4f25dcbeaaa0bb7b4d0e1a2da7819557bab709ba35d5f614b5de8deab4445c32;4b3eefada750b18fe97d11b4bdbb108d05cb75fedcd488b83befa7f338873d6c;auto
anyt.am-1-127;BaMnO3;1/Runs/ht.task.tetralith--default.BaMnO3_SCF.cleanup.0.unclaimed.3.finished;6154031af28cab5921b3145d46c177b358e3ad5378d0ff5c849c81e733226ab6;eb0c60bf0871320134f1350d61eba954bf7fe9eff9e2c3cdc68fc6a51d03a70d;auto
anyt.am-1-128;Sr2MnTeO6;8/Runs/ht.task.tetralith--default.Sr2MnTeO6_SCF.cleanup.0.unclaimed.3.finished;3ada8869feb5bced1e83c6ca61e1f1b081afc9b83b031d62b7b3516a8c9f3a32;690865cae3a9ca3d928ca49e6ccc2fdb3133c5dc7685d1e6fea829da8fec47b0;auto
anyt.am-1-13;MnGeN2;6/Runs/ht.task.tetralith--default.MnGeN2_SCF.cleanup.0.unclaimed.3.finished;e2fc578c4e655f93daf306448bfe2659895155bb2eed1b514e8864b06e063574;79266d3d0599eb9286bacf820da765ad4f9aacb702b074501971a29878010048;auto
anyt.am-1-132;Ba2MnSi2O7;1/Runs/ht.task.tetralith--default.Ba2MnSi2O7_SCF.cleanup.0.unclaimed.3.finished;0e9f09360a2efcfbec088e74a3cd1ef9e3dfe2857d71b31bf09a39db1b6ef420;8e2595ea832a3baaf90549076bcd1defcdf4e9d2fc121fae69931ef56fcbc0de;auto
anyt.am-1-133;CaIrO3;2/Runs/ht.task.tetralith--default.CaIrO3_SCF.cleanup.0.unclaimed.3.finished;8a94ca1c5a754b4e1a81f55b56378d8d61a222c19016ad92ff62ccbcf6d0b96d;c394fd124f383142691c619226d132722027096d6340f9a1cc1a977dd49d96b9;auto
anyt.am-1-134;SrMnO3;9/Runs/ht.task.tetralith--default.SrMnO3_SCF.cleanup.0.unclaimed.3.finished;21becbffe082039828b21cd58887d47c0000c34611590a518fd1fd907b1cd976;df5d86cc2937e73d8f2d0fd0763f59e553ef484f7fb2a0c31b1eb40690e42cde;auto
anyt.am-1-135;BaMn2V2O8;1/Runs/ht.task.tetralith--default.BaMn2V2O8_SCF.cleanup.0.unclaimed.3.finished;9d6c27459b342e2621c621da51a269c179196f174a54b6514d2626f799304ffe;f3b5d7ce72d46af0e58e8969e10e2437b7a9f718ca767e419c2f2fa1b80a6159;auto
anyt.am-1-136;NiTe2O5;7/Runs/ht.task.tetralith--default.NiTe2O5_SCF.cleanup.0.unclaimed.3.finished;9478d2fa9a4cad38a05a27998f727dfe7fe31669cb632b662497234f86b28050;428638c992f23f66cf5722b7e043fa0f87d0fea8d7d78c537de20dcf9d363a1c;auto
anyt.am-1-137;Sr2ScOsO6;8/Runs/ht.task.tetralith--default.Sr2ScOsO6_SCF.cleanup.0.unclaimed.3.finished;972214f576d5884ef1159d9be32f0a1b5930ae9c31b593b9ae270e63d4261473;a3e2ac0fadf05d6d57deaf9b74845576c0e5612d65f1a1ca38011318d8bf873c;auto
anyt.am-1-138;NdVO3;7/Runs/ht.task.tetralith--default.NdVO3_SCF.cleanup.0.unclaimed.3.finished;e9f21db07a429760470740db99db841897a38eaf49a90d093685b723b1008f84;57835ebc4cb866017b7e6a25264d0a988dbea26a82156db290c92e712b33201e;auto
anyt.am-1-139;Ba2NdRuO6;1/Runs/ht.task.tetralith--default.Ba2NdRuO6_SCF.cleanup.0.unclaimed.3.finished;9581dae872af91908b930b0697ea7fe71c2e72660bb875eaf8ba76b7c116ab4f;daef97fa92055392b385e03c3bef207b034bbef0b9182b5b21c64a65b289558d;auto
anyt.am-1-14;NiCO3;7/Runs/ht.task.tetralith--default.NiCO3_SCF.cleanup.0.unclaimed.3.finished;1839a24701b29c91bb6d37b0574774495bdcb3cc82632bb79bc82364a645e9cd;83c13331879184f5d8ca35c59f8aee38e66ae3d459fb0071d8b664a3b70a29f9;auto
anyt.am-1-140;CsMn2F6-2;3/Runs/ht.task.tetralith--default.CsMn2F6-2_SCF.cleanup.0.unclaimed.3.finished;fbb69f64ca0f645202e3d73b81310a8355846decfdb18ad437c992a295805917;e620b989490dd7ad6ccdd10a5889d0b029002aea1192bb9641f8bef8eaa1ad1c;auto
anyt.am-1-141;HoCrWO6;5/Runs/ht.task.tetralith--default.HoCrWO6_SCF.cleanup.0.unclaimed.3.finished;14c31f70e235716760fdaa12bb32e347c111239add279c0a36e9f40460a29c98;0c0718ee78bd4ca81ec3ceb0cdc74c2c66011c607346c047fdc3e4d950416a3c;auto
anyt.am-1-143;DyCrWO6;3/Runs/ht.task.tetralith--default.DyCrWO6_SCF.cleanup.0.unclaimed.3.finished;635c0ca518e4a6fbb7af5e157cf97838907717c819308d2fe40f6a6baed3a4f1;27b414a81c65011b53a30099be5e874a0682cfaf23130cf63adac56ffc5beef6;auto
anyt.am-1-144;Sr3LiRuO6;9/Runs/ht.task.tetralith--default.Sr3LiRuO6_SCF.cleanup.0.unclaimed.3.finished;bb15db464fb4a4a219937505f252b24374a90524783d030d6c96a35ba1affc38;f3677fd8a32e19e157d725305e00d67ab174d579ac50c986976ead0278afed89;auto
anyt.am-1-145;K2ReI6;5/Runs/ht.task.tetralith--default.K2ReI6_SCF.cleanup.0.unclaimed.3.finished;336ce988ee69110673ca755297e58c90218f3f5e2cc9252ff1acf57a9b596d28;7bde93f5a123eaa87f825253af06d80e6904d745dbddac4e0a5bb70ccfacde31;auto
anyt.am-1-147;BaCuF4;1/Runs/ht.task.tetralith--default.BaCuF4_SCF.cleanup.0.unclaimed.3.finished;95f08101ab1023bfc5f1b593fce795582f2b3ffef085106560d62dcf3685f3d8;304ccf7095735d949dfe781c9702b8126537de9fb5d2c1d57a17b31baa092e5c;auto
anyt.am-1-148;CuB2O4;3/Runs/ht.task.tetralith--default.CuB2O4_SCF.cleanup.0.unclaimed.3.finished;e8c284b2307b8a35d61cfb081cd1999214cfc1d0a61923cd65ace3dfc1e04469;79f9641e041b247f7ba5e3cefcebe7439c82395a2c94c752a98139610d62a5bd;auto
anyt.am-1-149;BaCoSiO4;1/Runs/ht.task.tetralith--default.BaCoSiO4_SCF.cleanup.0.unclaimed.3.finished;6609f2f7745c143a5116cab6748490862d114c55b05926acaa13afdec006076e;36158a3e0c931f6947d1c98465048bbf960522c5d23dc6a2fb48f0d7a6c4da3d;auto
anyt.am-1-15;FeSO4F;5/Runs/ht.task.tetralith--default.FeSO4F_SCF.cleanup.0.unclaimed.3.finished;0be98e9ec55508106e4dea452a93dc6657287dacd90bcc07db3c3b0214dd8c97;3ae4ba135fd4c2eeb9cfd95ae88ebfd41d5283aaeddf82b3cae3016deea1150f;auto
anyt.am-1-150;RbMnF4;8/Runs/ht.task.tetralith--default.RbMnF4_SCF.cleanup.0.unclaimed.3.finished;6d947020caf4c2116b3ed063f47ba5fd6f9d198a1edbca0619ee323c29029cb3;3154074400c3f33449aa08f3bcd3e225035f0beed51cd624c614b00d168e8685;auto
anyt.am-1-151;SrMn2V2O8;9/Runs/ht.task.tetralith--default.SrMn2V2O8_SCF.cleanup.0.unclaimed.3.finished;74f04543f026c96cb3265682aa12a7cc1a1ae11d451bacd4e734f883a62329e9;745ba95d6dff6f576b3a372ac9602688b4283a505d014256f1f9a1e5c724f93e;auto
anyt.am-1-154;Sr2CoOsO6;8/Runs/ht.task.tetralith--default.Sr2CoOsO6_SCF.cleanup.0.unclaimed.3.finished;6e8622a20ae3dfd9d0e599f9a9f3856f63819bcf79945b652220465b99b46356;966d8ab87226cd6da576a0630b4d2fd58ef0d3872223c12df89c9662748ea8ca;auto
anyt.am-1-155;CsMnBr3;3/Runs/ht.task.tetralith--default.CsMnBr3_SCF.cleanup.0.unclaimed.3.finished;e60e581cb7741ccfd0e5faffb72656f4d4ff931d1596536f3d494e4a872ebf50;93b7529e6daa81ab86eaeca3e72df54128d090cee98ad10df3752ea4f30493e9;auto
anyt.am-1-156;Fe2Mo3O8;4/Runs/ht.task.tetralith--default.Fe2Mo3O8_SCF.cleanup.0.unclaimed.3.finished;ce2d2be22c1674ea293d7f12f9cfa5134a936b415eddb879515540c4aa051187;a2db6bc52c629076601d4fa043e305d5beea0125da17d51bbbb294c15c8ad27c;auto
anyt.am-1-157;CsCoCl3;2/Runs/ht.task.tetralith--default.CsCoCl3_SCF.cleanup.0.unclaimed.3.finished;c4060cf25897403a0090fdfccce87692db1d5c8d742eba41dd4d856347d294fd;7c1362665e2da908e8e51dfe9c6c5f0e2ba4e150a11aa1c106ce394040019222;auto
anyt.am-1-159;Ba2CoGe2O7;1/Runs/ht.task.tetralith--default.Ba2CoGe2O7_SCF.cleanup.0.unclaimed.3.finished;1fb818d161da06a72b02310c3c5793beb2802b6770286d06c6706304fe92e42a;77c414e586d159c18bb314a5200e4d52f20e76544fd0c03325c15a81835499e4;auto
anyt.am-1-16;MnF2;6/Runs/ht.task.tetralith--default.MnF2_SCF.cleanup.0.unclaimed.3.finished;32f5baecc1958f23a5b5d469abacaae96090bbee5325bab3386b27d956d652e4;606822dca3afc7fc1b9031be769b4106331574cd667f5d19df688a6f3826c50e;auto
anyt.am-1-160;Ca2RuO4;1/Runs/ht.task.tetralith--default.Ca2RuO4_SCF.cleanup.0.unclaimed.3.finished;96a8b9a5f115e340aa9e274ec1b4c8536e11c57c693b8d1309c628c35574068d;d3ac4ce849635587240b5cfd7378a853a40429cb28f74f0fffa6ee4bf527e37f;auto
anyt.am-1-161;Cu3Mo2O9;3/Runs/ht.task.tetralith--default.Cu3Mo2O9_SCF.cleanup.0.unclaimed.3.finished;f1d0cd0e4b9c63758ad80987f7d5b56888d01e3a48982c87a375cd4533a1a4ed;69761a9635a6151a14c94d6fbdc111c3538d6067dd3ddfd37557ee5a8cd94e06;auto
anyt.am-1-165;CsCoF4;2/Runs/ht.task.tetralith--default.CsCoF4_SCF.cleanup.0.unclaimed.3.finished;3011b390b0fdd320b10c3cd4f34e6f50c41447372a96a1e3c957bb78bd9dfd35;7326da0a9924366283c024ca72212e64ceaa359f436581d6245406b3a4268069;auto
anyt.am-1-167;Ba3MnSb2O9;1/Runs/ht.task.tetralith--default.Ba3MnSb2O9_SCF.cleanup.0.unclaimed.3.finished;84356ef66fd7ff7d46c1ff84a6a809203442ef6cb868123c7e03e9999d7b9f55;18c13d9658780e4b3e44527ef0c26090f3c6ab49bb4fda134937708dab836d1b;auto
anyt.am-1-169;Co2Mo3O8;2/Runs/ht.task.tetralith--default.Co2Mo3O8_SCF.cleanup.0.unclaimed.3.finished;ecd324504ef9680eb7aaf818f8393c6870a9c16a01ce70b0bbd18d7746b05e22;ee2d28e5bb3b0a8f67ae33d9f92e576754c1e6b9a0863af902d626212788bf1f;auto
anyt.am-1-17;CrVO4;2/Runs/ht.task.tetralith--default.CrVO4_SCF.cleanup.0.unclaimed.3.finished;2e360f1575b0affd6888035b80578cec4603ed1bb41b11e67e7dba6a21be35c3;9be2940579a421a010f738f3ef938b7198d758fa9a9e517538704492df245d71;auto
anyt.am-1-171;BaCrF5;1/Runs/ht.task.tetralith--default.BaCrF5_SCF.cleanup.0.unclaimed.3.finished;557a8c6b70f4a62f32b2bf1d00bd6a3a02031bc048612a2471c23fb88255a918;7cd15a040c00bf89594ad564d95f001cf2c4304c6d06f7027e9c84b9bcd307a4;auto
anyt.am-1-172;Ba3CoSb2O9;1/Runs/ht.task.tetralith--default.Ba3CoSb2O9_SCF.cleanup.0.unclaimed.3.finished;eccf9e911e7a4258d73241caec143ab56989170fd6007e52b379d548738cbabe;45da07f01f144ac56f86ea7923e2eec7548c56b058cd5a02c897e2ef8787abb8;auto
anyt.am-1-175;Na2CoP2O7;7/Runs/ht.task.tetralith--default.Na2CoP2O7_SCF.cleanup.0.unclaimed.3.finished;9dc615fe6d4fc679327adb063a09eaeb34c90781e69be5d9113fae6a5dcf4d54;8f79efae11f70973090db3591958e0487057b2132cabe1c636abcef5e5c0ecd8;auto
anyt.am-1-178;CsNiCl3;3/Runs/ht.task.tetralith--default.CsNiCl3_SCF.cleanup.0.unclaimed.3.finished;8d8f3ea26d6fc5683acf981e718c7e0169f1164dbc63b05fd09af38665e9fe88;79fb39e16faff9c72241960af8a072492b970ebac7549914f493195a2ccd473d;auto
anyt.am-1-18;Sr4Fe4O11;9/Runs/ht.task.tetralith--default.Sr4Fe4O11_SCF.cleanup.0.unclaimed.3.finished;b7c6e69db85a8d31458b5e0e126bc852f2f96a92843024df9e92ae071973ce75;4afbce8a43800cfad2129f67b6542fa8858d361d83ca174af7284aae844caf63;auto
anyt.am-1-19;HoFeO3;5/Runs/ht.task.tetralith--default.HoFeO3_SCF.cleanup.0.unclaimed.3.finished;0f6f0d87fde6cb26b46907c87a9c10f5bcf2eec0b38b9d3266aca20f76547ca1;850c61358de4023584eac93f694ede90bc65e640f2888905854c9ff57d4ba0eb;auto
anyt.am-1-2;MnTe;7/Runs/ht.task.tetralith--default.MnTe_SCF.cleanup.0.unclaimed.3.finished;576fe982b11d829ea5ca52a7a8f9b8fb56add3495fbbab8b5f2a4350129f7f4c;2218d3a060864c462978eef4ea6aea552c807231f94172bebe27002206642938;auto
anyt.am-1-20;La2CoIrO6;5/Runs/ht.task.tetralith--default.La2CoIrO6_SCF.cleanup.0.unclaimed.3.finished;c091eb809567c53693312ed83842bc6c0ca34eea1da77581443f713bcb17cf87;d83eed0b3e91d94380d08a59299dc17aa6b50dc6fba63438f517c3e322f00e89;auto
anyt.am-1-21;TbFeO3;9/Runs/ht.task.tetralith--default.TbFeO3_SCF.cleanup.0.unclaimed.3.finished;492205ddae8a7a800d615869364c547c9c739f99c155eec67005ae65b2ec71e2;35c936bdca23b2c6134778400f5eb9076851081db2b487f7749857f977c7dddf;auto
anyt.am-1-22;Fe2WO6;4/Runs/ht.task.tetralith--default.Fe2WO6_SCF.cleanup.0.unclaimed.3.finished;2c56a895d680a5666ebf7636e88dfbaa3540beccaf0b198338d840e067b52e3c;7e1bc9bdc8eccfccd98f6c87548545bf9fdd2b10269022eae4c65a99097be46a;auto
anyt.am-1-23;Er2Ru2O7;4/Runs/ht.task.tetralith--default.Er2Ru2O7_SCF.cleanup.0.unclaimed.3.finished;fec8aa45c1d5f76f987576566afb9e4ad0ec8717a6ace9975c6e5ca3fea35c2f;3f1b10efc28e11175faf3789c82fe0833183056ff8f6b37a604e7191eec3dc9e;auto
anyt.am-1-24;FeBO3;4/Runs/ht.task.tetralith--default.FeBO3_SCF.cleanup.0.unclaimed.3.finished;71cbe913cfc0317dd4d9eb60adf6291b8e6e9fa97874e0107649a4a8c1785c8d;974d68f10478b815c5b33da0eb38ba2ba2f01c549aa04b0d3b5ed31ab33f1d53;auto
anyt.am-1-25;DyFeO3;3/Runs/ht.task.tetralith--default.DyFeO3_SCF.cleanup.0.unclaimed.3.finished;c1a01fa25c3fcd5c3d4d0ae1d112f4cbde5e1f4007c2d4bdc4dbed0bbce8a621;7dad0ff87d5c9b4fab181b1ef0056f0b930c8a711547d5ce2243cafbec27ca73;auto
anyt.am-1-26;TlCrO3;9/Runs/ht.task.tetralith--default.TlCrO3_SCF.cleanup.0.unclaimed.3.finished;aaf577177b1a1af593d3e40add109c6adbfcfb12829304ef59595b6221ee2dd2;c2e942e3aba1ab8bd8b9840d7ad644b5b14d27ea0bc1dbd2088ceb84b630bb0c;auto
anyt.am-1-28;MnSiN2;6/Runs/ht.task.tetralith--default.MnSiN2_SCF.cleanup.0.unclaimed.3.finished;c38acfb84e9ed0ad33449b2a169142aff00b44b15526675b95ef84b4b789a52c;642fcf632682d54c2db42ee337bdf903bd19455deeb10592216935dbe9701584;auto
anyt.am-1-3;RuO2;8/Runs/ht.task.tetralith--default.RuO2_SCF.cleanup.0.unclaimed.3.finished;4a5ff14e5b5126a87dd3738b8dac78471e6f22de1e27cd51b2daa0decaac841a;e1cfe82a6e4f8b52c608cd8135c761f7ea2c53bac87718c752bac6f7b7672193;auto
anyt.am-1-30;Mn2GeO4;6/Runs/ht.task.tetralith--default.Mn2GeO4_SCF.cleanup.0.unclaimed.3.finished;0644d868b8162543c18769ab0b05dc7afcc9cd4712afa7a54d2dbdfc84f7d079;54f4f0da369cd3bafe00160a4d5814586382d9576af0e66ced7bdc5e00f80ad1;auto
anyt.am-1-32;ErCrO3;4/Runs/ht.task.tetralith--default.ErCrO3_SCF.cleanup.0.unclaimed.3.finished;4473629e1137927f655a6ac9d37d7f72884498f939731272558cf10700ae25fe;58a1b351b6175bb34e8490b51ebaed1b6c08251dc0ac044c049e034173b772e9;auto
anyt.am-1-34;CeFeO3;2/Runs/ht.task.tetralith--default.CeFeO3_SCF.cleanup.0.unclaimed.3.finished;6da7cd8781dd30b30592f395d698ff6fd3ed1bacc815c8641ab7d9f05413f31d;5656dc42f4f1243f7d5041bd6ae9b32909167d51091cbbc22a91082c05427d4e;auto
anyt.am-1-35;ScCrO3;8/Runs/ht.task.tetralith--default.ScCrO3_SCF.cleanup.0.unclaimed.3.finished;608d824484f7a83f33469af7f31904a2ae0bc72660d68465f664566f6856a4dc;e0195a8ea07ccdae2e0671825be858fe7a407c1b5f7d0bebc59b881bce6ef197;auto
anyt.am-1-36;Sr2TbIrO6;9/Runs/ht.task.tetralith--default.Sr2TbIrO6_SCF.cleanup.0.unclaimed.3.finished;99083039f25249923aa2f6964e95e34426f6c18e56034e8613e5d40e535cf08d;d3e7df238d505ffe702d73f7c6fc985f35a2f3be0c03907bfa6cafc700301671;auto
anyt.am-1-37;SmCrO3;8/Runs/ht.task.tetralith--default.SmCrO3_SCF.cleanup.0.unclaimed.3.finished;686211f7c154df99f5f64cd6a6588cce57e5eae1da7337fcb312a7b2a1cf1eef;5ade6d04c11127efe850e0f028b13c62ebcca807c8f43fc31bfa0a35d79c7441;auto
anyt.am-1-38;YCrO3;10/Runs/ht.task.tetralith--default.YCrO3_SCF.cleanup.0.unclaimed.3.finished;4c32e5439086ed1a184565c792f1ae81378bf57e25c27d78c3a08b94087faaac;260cc7dab05c285308d902a1a34ae5114074f525d6b1ca75cdd6911ae6009b3e;auto
anyt.am-1-39;SmFeO3;8/Runs/ht.task.tetralith--default.SmFeO3_SCF.cleanup.0.unclaimed.3.finished;145ede9730880a4fdb303b82f076bc7bfea2ed16c01b4a626ff8e1d758276a05;45d2938a92e1552977b27c2c3d110595ddb414295c89d3b79145e7f7604ee68d;auto
anyt.am-1-4;CrSe;2/Runs/ht.task.tetralith--default.CrSe_SCF.cleanup.0.unclaimed.3.finished;1ed10d040f2a9280296c9e2f840e4650d196aefee811dd8c5c5d0fe401a38f96;aad7e45fee7ab0fd179462a5e6ff7f4ac05c8237b8f090d46a07aa9cdeb5bde1;auto
anyt.am-1-41;NdMnO3;7/Runs/ht.task.tetralith--default.NdMnO3_SCF.cleanup.0.unclaimed.3.finished;00e6306ba5de3ac982db007d171b88f9e2e005ee3c014a618535302ff827a253;485414b511f63e449c628e476028f576de0111f078991f3448de6186765856d0;auto
anyt.am-1-42;DyCrO3;3/Runs/ht.task.tetralith--default.DyCrO3_SCF.cleanup.0.unclaimed.3.finished;5a524e5e6054d34c253f14a12347fde02697ab2f8f653b31fa1607b479035682;5de13d979509449b537951611b535954376c6f0532ad7f8dbd1c1ce3c3b00b99;auto
anyt.am-1-43;TmCrO3;9/Runs/ht.task.tetralith--default.TmCrO3_SCF.cleanup.0.unclaimed.3.finished;3a0e1e87f8d558f7a8a45281c8993d94f18f90a8a2c1dd14ae698ca3cdea5284;8adeadd390982439150da307d01074c70b07ad24b9cb201bf58e07cef9ebdf60;auto
anyt.am-1-44;TmVO3-5;10/Runs/ht.task.tetralith--default.TmVO3-5_SCF.cleanup.0.unclaimed.3.finished;1db342a76c942639b27e77555668b4e56965e8de610227f8cde4ab26bb579353;7cab4c2b5d9304e44ca3fe6c468a3d498130d6a92db79b7df728b0c434d5e921;auto
anyt.am-1-46;PrFeO3;8/Runs/ht.task.tetralith--default.PrFeO3_SCF.cleanup.0.unclaimed.3.finished;39343343f86f31ff6a54cdb71ada5a96fb220c1876f91e8b11a66efa5de59b07;9a95c575da88e1216b680a2a160b35aec113e3f366cf9ac05aed6a6f3180490a;auto
anyt.am-1-47;CuFePO5;3/Runs/ht.task.tetralith--default.CuFePO5_SCF.cleanup.0.unclaimed.3.finished;9e0b16b83b9fa6116a99744e6f381d448e70e97f54503e1ac4802f0e07e715d0;f7ac31468d37b435b766c8a8d451f0730bafb4ab1a49abf76a48212c87bdc4f4;auto
anyt.am-1-48;NaOsO3;7/Runs/ht.task.tetralith--default.NaOsO3_SCF.cleanup.0.unclaimed.3.finished;01d8c2d3784f8ed926096c944f0d296acab07569e53744ba64392c5d993438e5;912a956b64266dc8b9b7b5a74d9d4b87bc194209364a7d4779b715f8c501c8ce;auto
anyt.am-1-49;NdFeO3;7/Runs/ht.task.tetralith--default.NdFeO3_SCF.cleanup.0.unclaimed.3.finished;aedf1d3bb4c8f42596b59a49a0ae55240f01b876918e9f6d40b96a9756a24ab0;f6dbc330b64824a56373e2365679c64b865cfe4114bd6f91f051e8817a948a90;auto
anyt.am-1-5;UCr2Si2C;10/Runs/ht.task.tetralith--default.UCr2Si2C_SCF.cleanup.0.unclaimed.3.finished;fa6ad3e30de44033b75d87d027dd24a0b0cdf06a26002d3e52e9dc74639ddd3f;6d503f4e6e4340c32bff2fe1477ca36f385cfe4a0186daae4a2bcdb5243503ad;auto
anyt.am-1-50;Fe2SiO4;4/Runs/ht.task.tetralith--default.Fe2SiO4_SCF.cleanup.0.unclaimed.3.finished;5c4a077285c33d1585e1b58a9e46dd8d8b77b95ab6c2d5c7cdec5d96bcd5681f;484d7fcb35bce1d5f5a222caba05854ac24be95718ccce5f2c15290c98e991fa;auto
anyt.am-1-51;LaMnO3;6/Runs/ht.task.tetralith--default.LaMnO3_SCF.cleanup.0.unclaimed.3.finished;3c26656a5b84b52a93dc136ab522be46e6626f7d80a9d157fa215ad3f4b4dcf5;962ac24a1c4929e4ec42a3e89927a8dcea33989588e56078e8f07e3637767e5e;auto
anyt.am-1-52;TbCrO3;9/Runs/ht.task.tetralith--default.TbCrO3_SCF.cleanup.0.unclaimed.3.finished;729bc686090e41cce95432df28f7a9c81e9741f812e846187a3136a4db4ff4a6;7efe9dc636e31b362882ce934ebbb857e2bc61e954b551aee10ff8ea3cbe06a7;auto
anyt.am-1-53;CoCO3;2/Runs/ht.task.tetralith--default.CoCO3_SCF.cleanup.0.unclaimed.3.finished;03d3aef2d83a247eab16defab65a1ceb549ecbc23dc694bf93a92df863971e7b;2278315944b43c849c36dacd2448e14e0af585c686e59c145bf97ab84dd55e86;auto
anyt.am-1-54;TmFeO3;9/Runs/ht.task.tetralith--default.TmFeO3_SCF.cleanup.0.unclaimed.3.finished;7c5ca220d3d9a542eebf1a66b3c3fa42171f3bf5175723e709e100b65875c18e;347ad3249fada92e9f44817eab2496f57c0cb06cfb482165a5c899667995e60d;auto
anyt.am-1-55;Cu2O3Cl;3/Runs/ht.task.tetralith--default.Cu2O3Cl_SCF.cleanup.0.unclaimed.3.finished;717215f979e72a774bad11ce5a22617ae16f5f042db0f48d3825a1748b8271e8;faf04b9ff14ce98f6f05888d2bfa21048859518fc0b2543e2e3983c78c9152b2;auto
anyt.am-1-58;LaCrO3-3;6/Runs/ht.task.tetralith--default.LaCrO3-3_SCF.cleanup.0.unclaimed.3.finished;a5c2195c86dc6813c620cb4c79477de7143adf7d758a2454f885e6b92c23cf9b;b73aa9109cc7ecc6ccf5c93de06b0d01002f033f02a1f466f5789343176c1583;auto
anyt.am-1-59;MnSe2;6/Runs/ht.task.tetralith--default.MnSe2_SCF.cleanup.0.unclaimed.3.finished;a0c0dc3b0319267d2795405ab81a1994be07f6f6d4fdb68bade737af5b6d9645;414c4492e3f2bb5a2f88b7776992af3b636bd5f7fb1963c242d752ca7f32eea7;auto
anyt.am-1-60;PrMnO3;8/Runs/ht.task.tetralith--default.PrMnO3_SCF.cleanup.0.unclaimed.3.finished;a17eebcfb4e2960e3aa10f510597813e2cfceecf51fd6c07ac31323882397d81;80ff2923978307fff88c50b9b1aa1139b39e39c3e0bd21987f5ddabfd392e4c8;auto
anyt.am-1-65;YVO3-2;10/Runs/ht.task.tetralith--default.YVO3-2_SCF.cleanup.0.unclaimed.3.finished;255ffa971e7fb0fb397a4fd6796d29f6963b2919448efb1e7ceb56a66bf29873;c04c5ce980996e3fa48408d4ab57c4f88868a6f02e37946577ae3061eaaf1930;auto
anyt.am-1-66;Sr2HoRuO6;8/Runs/ht.task.tetralith--default.Sr2HoRuO6_SCF.cleanup.0.unclaimed.3.finished;2e24f4c28b70fee4e9c635d90ededa7bbc8755b1fde05b18ed55f4b427033f71;07a49f0e76400181b3d0a80ac4aa0fdfb0d42cb1b39e0efe7f5fb7b06e2870d2;auto
anyt.am-1-67;NdCrO3;7/Runs/ht.task.tetralith--default.NdCrO3_SCF.cleanup.0.unclaimed.3.finished;e2905b683aeeffeaeafbb6d0f3ab58f278a0886287084b39dcfea79b4a387c1d;247ec3b5c13c6bb8931c372fb28fe74269991636a4fd1555ac1bd1279fd43db7;auto
anyt.am-1-68;ErVO3;4/Runs/ht.task.tetralith--default.ErVO3_SCF.cleanup.0.unclaimed.3.finished;faa25772938866658065de5f09b6ef90585f2f5e1dcffb3b574692ba4defb8f7;8c07b6411f0b133bdcd39453a473a2f6d5ac06bdf8225b1e6208af099f1fe978;auto
anyt.am-1-69;CoFePO5;2/Runs/ht.task.tetralith--default.CoFePO5_SCF.cleanup.0.unclaimed.3.finished;2a8cb188c2bc12d6c48498785983e9694ecff8ec90faed76503478b2ede01b73;1354b1eda601e0c95ed6198214570f7c8278d2add787ecef9805443cc9f2b872;auto
anyt.am-1-7;Cu2O3Cl-2;3/Runs/ht.task.tetralith--default.Cu2O3Cl-2_SCF.cleanup.0.unclaimed.3.finished;a00dff17d4d7ce0bd5d31c6b9a35d36ee128938cf206e3a99305d44dbf0e7327;d8760f0ead1b57d7260ed31cf2c0f8cb704b9f0d2ccf4905916f92ad6f965758;curated
anyt.am-1-70;MnCO3;6/Runs/ht.task.tetralith--default.MnCO3_SCF.cleanup.0.unclaimed.3.finished;b5c6312a2726260da34e412ff21daa38fe356e6f08d3abb0f4c31f0be1762f5b;25840e5fb3b0e2262dd5069231ef53734af3c9b1c108bad6bce5699cf77b1821;auto
anyt.am-1-72;FeF3-3;5/Runs/ht.task.tetralith--default.FeF3-3_SCF.cleanup.0.unclaimed.3.finished;d8ce38f85774608f7377b7d7048ebe6b945c9614ec6f8742105bf6979df6faa7;a2997bd48995d20b2a64f3bbc536117ae946336b5dff17145b423177e706accd;auto
anyt.am-1-75;FeCO3;5/Runs/ht.task.tetralith--default.FeCO3_SCF.cleanup.0.unclaimed.3.finished;c82faa54fd945b525f2c54097e96b7a159c4468d3fe2885630dd684ac7365025;e65edd9e73990fb13df1561898e4c45b6eec0fd92c3c892fe1e7cfc9627be58e;auto
anyt.am-1-76;Ba3CoIr2O9;1/Runs/ht.task.tetralith--default.Ba3CoIr2O9_SCF.cleanup.0.unclaimed.3.finished;968d175a00a547e86291ad3b46d204fc8b17297aad2a2de0ef4caa6566822f8a;1079d3b1370aa8b212befa3b5958231b58249eb98c55238ff18a442f1ec4af97;auto
anyt.am-1-77;CoF3;2/Runs/ht.task.tetralith--default.CoF3_SCF.cleanup.0.unclaimed.3.finished;4ac703f2c55ced422baed678edf7078796bc86c4d4e348ca873037e978013db0;f8bee3a85c0f543a92ee831692a12d075effffd34b0eb7bf7e4371a586f144b8;auto
anyt.am-1-78;Sr2CoTeO6;8/Runs/ht.task.tetralith--default.Sr2CoTeO6_SCF.cleanup.0.unclaimed.3.finished;19d5586849073fea2a54d141f57740fc85ccdef0fa25b98253b6fb9f238ca618;1314fd119509c36f97469e075eb2468d9748ae3885ba5d4bda72a1db771bb385;auto
anyt.am-1-79;CoTa4Se8;2/Runs/ht.task.tetralith--default.CoTa4Se8_SCF.cleanup.0.unclaimed.3.finished;90c4401d2df5c7cc06a56f9da3d5a5005b68b7294ebfec499a39ba05bc4becec;b5b56ff42d26b1cd078fb9b431d3a18e878d74d49aecf550096d4ad398296c30;auto
anyt.am-1-8;CoF2;2/Runs/ht.task.tetralith--default.CoF2_SCF.cleanup.0.unclaimed.3.finished;cf02d873d33c85be664d4a4252830644ce3dd4a22f91941bba6f5f088d0652c2;4c2f7c54c955de16c9d00385adfa81e7ff325283b5a7adee66b369c86d43f674;auto
anyt.am-1-81;LuVO3;6/Runs/ht.task.tetralith--default.LuVO3_SCF.cleanup.0.unclaimed.3.finished;30be7bdff3d252806aa7befb5dd29043dfbef9baf71a255e269e1f4e2c269ce5;ad452b59cd4ef488754ee39668841b78060544721f81059a3dad5da6d4145f55;auto
anyt.am-1-82;RbCoBr3;8/Runs/ht.task.tetralith--default.RbCoBr3_SCF.cleanup.0.unclaimed.3.finished;2b05329ef68f52104ae88af44f7e8f1f104dbc07d2f9d40249bc444c2358feb9;0dff7e47a74a7ba67e03ffbf6ee16727aec66e6c2acc080b4ab9d0f146773f0e;auto
anyt.am-1-83;CeMn2Ge4O12;2/Runs/ht.task.tetralith--default.CeMn2Ge4O12_SCF.cleanup.0.unclaimed.3.finished;0e54289a658e7b176e99e2ebfa5f8c5229d61f681a0593eb67a62a8f40a61445;70fb8218a2e96806e1b3d0fe604565304cbfe1df87554732edbf8538ccc00a12;auto
anyt.am-1-84;YMnO3;10/Runs/ht.task.tetralith--default.YMnO3_SCF.cleanup.0.unclaimed.3.finished;da02d9ff46a1e4989d9b4f00fa7174c1623339822fecc4e91ea7fdbfc0a09e95;a289864ee7a46f53bb123eba22e24705bbd355ea41a56b6915831d01dff75440;auto
anyt.am-1-85;Ca2MnReO6;1/Runs/ht.task.tetralith--default.Ca2MnReO6_SCF.cleanup.0.unclaimed.3.finished;7404448e04df95c02bcadbcd4e757ad922069ba4cb84de4022fcd24e83929d2d;9b07553ca34e36ef8a7927594536df0a8f082bbebfb5b331a33374833b723836;auto
anyt.am-1-86;Co2SiO4;2/Runs/ht.task.tetralith--default.Co2SiO4_SCF.cleanup.0.unclaimed.3.finished;88b27eb548d79bb953436e30a1525fe7ba722bc66c691567cd019aeb4ec57d95;44fb0e5d0e3ffcbfed0559c4f96c6b5e7a067a5a8aaba889cf58e1e97af703ae;auto
anyt.am-1-88;Mn2SeO3F2;6/Runs/ht.task.tetralith--default.Mn2SeO3F2_SCF.cleanup.0.unclaimed.3.finished;0b58df48fd5b8978a9b86f556dc8fdef5722b177571f2b5b4770f5645125f665;9f221ea4654a3ecdd3e7416b6aa6a61ce265f75252938afd186c1975dd19d6f8;auto
anyt.am-1-89;FeF3;5/Runs/ht.task.tetralith--default.FeF3_SCF.cleanup.0.unclaimed.3.finished;3e14fa039e0a0d22b50657240befa1f49f3265a92389f839620636ad27dfd281;8cfafc5607da3cb8d68270be9f0b1b2f9d54f71702398a0303037cd8222361a4;auto
anyt.am-1-90;Mn4Nb2O9;6/Runs/ht.task.tetralith--default.Mn4Nb2O9_SCF.cleanup.0.unclaimed.3.finished;36bea70defc612821d453c32a55365c0160d91545ca52f1d0f17541a020ccad8;98c7e85cb8f5fdf6efa4ea5bcca545b2061c91d46cfad7ae6d9a076b0fa5e43a;auto
anyt.am-1-91;Ce4Sb3;2/Runs/ht.task.tetralith--default.Ce4Sb3_SCF.cleanup.0.unclaimed.3.finished;0c97259e3af82afd350c5f80708d96fd016aa4f5cb976578c418827d6e907a30;211259532106610b044c15e0282a246852a0a139c315ad7ad37723c981fed8f8;auto
anyt.am-1-92;Sr2DyRuO6;8/Runs/ht.task.tetralith--default.Sr2DyRuO6_SCF.cleanup.0.unclaimed.3.finished;8e04830c7f05cb2fab48b71054b9423f402bba8bb8d774ece6a51db148f20d81;13be8f588fcf75ee2755e83ae7b009010c385e1e7a8c070ecc52bb6622cdb743;auto
anyt.am-1-93;YRuO3;10/Runs/ht.task.tetralith--default.YRuO3_SCF.cleanup.0.unclaimed.3.finished;0eaca9c87b9c80c96f6d636781caf002ef0fa5fc4d4d6681651bd20208cac346;6a6f1a245ca8ffe7a06ce763b7933e69aaf386286715ea8b325443b1c584ab1c;auto
anyt.am-1-95;LiFeP2O7;6/Runs/ht.task.tetralith--default.LiFeP2O7_SCF.cleanup.0.unclaimed.3.finished;eb182c79a664da4086238d9ff172df78628da02d464aead70f5167d0c41d745f;23590acac49c27c103d6d22cf8865fe73b39510dbb2d0849c169d8d66ddb93de;auto
anyt.am-1-96;Sr2ErRuO6;8/Runs/ht.task.tetralith--default.Sr2ErRuO6_SCF.cleanup.0.unclaimed.3.finished;7446046d7c96728570574f5d5e478add6d409d921ef88448b629cf67e21d8663;fa83c352258bfe1b26fc62480a4ee8816900592de7bf4ec156878c21698f82f6;auto
anyt.am-1-97;Sr2YRuO6;9/Runs/ht.task.tetralith--default.Sr2YRuO6_SCF.cleanup.0.unclaimed.3.finished;40b9917f850284fa8b44d58b60cdf27f11e190bd0cecd142f3690189f9505469;704ae4b3ba61c34d6704150b8fec22cbc02ee5ae1435382b4b7ff5f0fbed0da4;auto
anyt.am-1-98;Fe2PO5;4/Runs/ht.task.tetralith--default.Fe2PO5_SCF.cleanup.0.unclaimed.3.finished;7c49411effd90eb28cf884511915a772f5c73e01a904f6dfb9fa03a5fa60759c;abf63fcfb08a008f51cee56d2cbeb120882b51783a3df5df308d631f7b4469c0;auto
anyt.am-1-99;HoMnO3;5/Runs/ht.task.tetralith--default.HoMnO3_SCF.cleanup.0.unclaimed.3.finished;7f87cb3ddd289fa53ebb11aaae7a074307103f9f2addfd194f611eb75229a9ad;bdad25a333f25407026553a0d6c43dd8a4571a9bbd87a9a5cd1e927b24b92b86;auto
